{"posts":{"items":[{"id":"1","fileName":"brand-solutions.html","name":"brand-solutions","publicUrl":"np://user.desktop.nicepage.com/Site_2274202846/blog/brand-solutions.html","size":6866,"title":"Brand Solutions","created":1699634509344,"updated":1739773354201,"featured":"np://user.desktop.nicepage.com/Site_2274202846/images/rtrr.jpg","excerpt":"Penatibus nascetur dictumst arcu sapien ac fames sem. Est maximus cubilia, dictumst torquent molestie pulvinar. Volutpat sed ut amet eu iaculis justo habitasse. Sociosqu dignissim a, arcu nisl dignissim egestas nostra maecenas cubilia. Duis sem himenaeos ..."},{"id":"4","fileName":"corporate-web-design.html","name":"corporate-web-design","publicUrl":"np://user.desktop.nicepage.com/Site_2274202846/blog/corporate-web-design.html","size":5668,"title":"Corporate Web Design","created":1699634509398,"updated":1739773743700,"featured":"np://user.desktop.nicepage.com/Site_2274202846/images/web-design-online-technology-con.jpg","excerpt":"Penatibus nascetur dictumst arcu sapien ac fames sem. Est maximus cubilia, dictumst torquent molestie pulvinar. Volutpat sed ut amet eu iaculis justo habitasse. Sociosqu dignissim a, arcu nisl dignissim egestas nostra maecenas cubilia. Duis sem himenaeos ..."},{"id":"2","fileName":"future-proof-web-development.html","name":"future-proof-web-development","publicUrl":"np://user.desktop.nicepage.com/Site_2274202846/blog/future-proof-web-development.html","size":5668,"title":"Future-Proof Web Development","created":1699634509373,"updated":1739773417149,"featured":"np://user.desktop.nicepage.com/Site_2274202846/images/bg.jpg","excerpt":"Penatibus nascetur dictumst arcu sapien ac fames sem. Est maximus cubilia, dictumst torquent molestie pulvinar. Volutpat sed ut amet eu iaculis justo habitasse. Sociosqu dignissim a, arcu nisl dignissim egestas nostra maecenas cubilia. Duis sem himenaeos ..."},{"id":"5","fileName":"how-the-perfect-restaurant-website-should-look-like.html","name":"how-the-perfect-restaurant-website-should-look-like","publicUrl":"np://user.desktop.nicepage.com/Site_2274202846/blog/how-the-perfect-restaurant-website-should-look-like.html","size":5668,"title":"How the perfect restaurant website should look like","created":1699634509417,"updated":1739773861057,"featured":"np://user.desktop.nicepage.com/Site_2274202846/images/happy-waiter-holding-plates-with.jpg","excerpt":"Penatibus nascetur dictumst arcu sapien ac fames sem. Est maximus cubilia, dictumst torquent molestie pulvinar. Volutpat sed ut amet eu iaculis justo habitasse. Sociosqu dignissim a, arcu nisl dignissim egestas nostra maecenas cubilia. Duis sem himenaeos ..."},{"id":"6","fileName":"keys-to-a-successful-lawyer-website.html","name":"keys-to-a-successful-lawyer-website","publicUrl":"np://user.desktop.nicepage.com/Site_2274202846/blog/keys-to-a-successful-lawyer-website.html","size":5590,"title":"Keys to a successful lawyer website","created":1699634509430,"updated":1739774022069,"featured":"np://user.desktop.nicepage.com/Site_2274202846/images/business-men-sitting-lawyers-s-d.jpg","excerpt":"Facilisis malesuada metus habitant proin efficitur per. Purus posuere dictumst ligula nunc ipsum accumsan elementum id. Consequat diam rhoncus in taciti tristique eros elementum. Tellus sociosqu mattis himenaeos pharetra; sem netus. Tellus gravida porta b..."},{"id":"3","fileName":"web-design-and-typography.html","name":"web-design-and-typography","publicUrl":"np://user.desktop.nicepage.com/Site_2274202846/blog/web-design-and-typography.html","size":5668,"title":"Web design and typography","created":1699634509385,"updated":1739773605158,"featured":"np://user.desktop.nicepage.com/Site_2274202846/images/side-view-man-working-with-compu.jpg","excerpt":"Penatibus nascetur dictumst arcu sapien ac fames sem. Est maximus cubilia, dictumst torquent molestie pulvinar. Volutpat sed ut amet eu iaculis justo habitasse. Sociosqu dignissim a, arcu nisl dignissim egestas nostra maecenas cubilia. Duis sem himenaeos ..."}]},"categories":[{"id":"2","title":"Travel","categoryId":null,"created":1761149533735,"updated":1761149533735,"translations":{"en":{"title":"Travel"}}}]}