[{"id":"user-image-4.png","publicUrl":"np://user.desktop.nicepage.com/Site_2274202846/images/4.png","size":120426,"hash":"ujt+kjwZxXnSA+oG7mi0jiVdxns=","fileName":"4.png","name":"4","width":1024,"height":924,"thumbnail":{"url":"np://user.desktop.nicepage.com/Site_2274202846/images/thumbnails/4.png","width":250,"height":226},"folderId":null,"usages":["19817155"]},{"id":"user-image-kozio.jpg","publicUrl":"np://user.desktop.nicepage.com/Site_2274202846/images/kozio.jpg","size":1334404,"hash":"rEHfx8qvHb5imSeNirm8xlXJL1s=","fileName":"kozio.jpg","name":"kozio","width":4284,"height":3744,"thumbnail":{"url":"np://user.desktop.nicepage.com/Site_2274202846/images/thumbnails/kozio.jpg","width":250,"height":218},"folderId":null,"usages":["247488008"]},{"id":"user-image-kozio1.jpg","publicUrl":"np://user.desktop.nicepage.com/Site_2274202846/images/kozio1.jpg","size":1990153,"hash":"9MCVMbCCXhcH0SKX1mEbQ+Dxgyo=","fileName":"kozio1.jpg","name":"kozio1","width":4031,"height":4247,"thumbnail":{"url":"np://user.desktop.nicepage.com/Site_2274202846/images/thumbnails/kozio1.jpg","width":237,"height":250},"folderId":null,"usages":["247488008"]},{"id":"user-image-legendy.jpg","publicUrl":"np://user.desktop.nicepage.com/Site_2274202846/images/legendy.jpg","size":447969,"hash":"82yNnR9e0Zz/Imf5WEKMn9st6ec=","fileName":"legendy.jpg","name":"legendy","width":1519,"height":1612,"thumbnail":{"url":"np://user.desktop.nicepage.com/Site_2274202846/images/thumbnails/legendy.jpg","width":236,"height":250},"folderId":null,"usages":["247488008"]},{"id":"user-image-IMG_0283.JPG","publicUrl":"np://user.desktop.nicepage.com/Site_2274202846/images/IMG_0283.JPG","size":588959,"hash":"xPDzYwSHgkbcn5bUCRR0mu5vT9w=","fileName":"IMG_0283.JPG","name":"IMG_0283","width":2153,"height":1842,"thumbnail":{"url":"np://user.desktop.nicepage.com/Site_2274202846/images/thumbnails/IMG_0283.JPG","width":250,"height":214},"folderId":null,"usages":["247488008"]},{"id":"user-image-dmuchawce1.jpg","publicUrl":"np://user.desktop.nicepage.com/Site_2274202846/images/dmuchawce1.jpg","size":1419511,"hash":"7gm5ufIvsm/ODO7iZVuZSlcMPrE=","fileName":"dmuchawce1.jpg","name":"dmuchawce1","width":4284,"height":4056,"thumbnail":{"url":"np://user.desktop.nicepage.com/Site_2274202846/images/thumbnails/dmuchawce1.jpg","width":250,"height":237},"folderId":null,"usages":["247488008"]},{"id":"user-image-IMG_1772.jpg","publicUrl":"np://user.desktop.nicepage.com/Site_2274202846/images/IMG_1772.jpg","size":4492345,"hash":"uNLbpnMC2mDU7xH4CxjlU+ETakY=","fileName":"IMG_1772.jpg","name":"IMG_1772","width":5712,"height":4284,"thumbnail":{"url":"np://user.desktop.nicepage.com/Site_2274202846/images/thumbnails/IMG_1772.jpg","width":250,"height":188},"folderId":null,"usages":["247488008","19817155"]},{"id":"user-image-barber.jpg","publicUrl":"np://user.desktop.nicepage.com/Site_2274202846/images/barber.jpg","size":992900,"hash":"xtmvJA8wwkpTalr7uJWlBg/LUgE=","fileName":"barber.jpg","name":"barber","width":2841,"height":2813,"thumbnail":{"url":"np://user.desktop.nicepage.com/Site_2274202846/images/thumbnails/barber.jpg","width":250,"height":248},"folderId":null,"usages":["247488008"]},{"id":"user-image-566359.png","publicUrl":"np://user.desktop.nicepage.com/Site_2274202846/images/566359.png","size":3517,"hash":"J9pY6mbhg+BSR8KKxDcbncQFgIs=","fileName":"566359.png","name":"566359","width":128,"height":128,"thumbnail":{"url":"np://user.desktop.nicepage.com/Site_2274202846/images/thumbnails/566359.png","width":128,"height":128,"length":3517,"type":"png"},"folderId":null,"usages":["849619191"]},{"id":"user-image-6330c6596b9a2504cb47158745a9037354864f9636aa3588aca49cd87d7044b66029a55350bcebc7b970c32a0b8f2875b2b3ba7708dd2fa924fcb1_1280.jpg","publicUrl":"np://user.desktop.nicepage.com/Site_2274202846/images/6330c6596b9a2504cb47158745a9037354864f9636aa3588aca49cd87d7044b66029a55350bcebc7b970c32a0b8f2875b2b3ba7708dd2fa924fcb1_1280.jpg","size":318585,"hash":"MxtC2FOeqFLpBwf42icSEwWqj2U=","fileName":"6330c6596b9a2504cb47158745a9037354864f9636aa3588aca49cd87d7044b66029a55350bcebc7b970c32a0b8f2875b2b3ba7708dd2fa924fcb1_1280.jpg","name":"6330c6596b9a2504cb47158745a9037354864f9636aa3588aca49cd87d7044b66029a55350bcebc7b970c32a0b8f2875b2b3ba7708dd2fa924fcb1_1280","width":1280,"height":853,"thumbnail":{"url":"np://user.desktop.nicepage.com/Site_2274202846/images/thumbnails/6330c6596b9a2504cb47158745a9037354864f9636aa3588aca49cd87d7044b66029a55350bcebc7b970c32a0b8f2875b2b3ba7708dd2fa924fcb1_1280.jpg","width":250,"height":167},"folderId":null,"usages":["849619191"]},{"id":"user-image-IMG_1601.jpg","publicUrl":"np://user.desktop.nicepage.com/Site_2274202846/images/IMG_1601.jpg","size":4863481,"hash":"+B8wkOl6Y/UZ8osCZ18OGLdlbKQ=","fileName":"IMG_1601.jpg","name":"IMG_1601","width":5712,"height":4284,"thumbnail":{"url":"np://user.desktop.nicepage.com/Site_2274202846/images/thumbnails/IMG_1601.jpg","width":250,"height":188},"folderId":null,"usages":["247488008"]},{"id":"user-image-8fd82fd474b1df3efaa60020c8aa7f12ae50c1fe1e851ed72b6b84fb96ec32e44dc116871957269c766856da5ab3635d179eb3b347a3a317831048_12801.jpg","publicUrl":"np://user.desktop.nicepage.com/Site_2274202846/images/8fd82fd474b1df3efaa60020c8aa7f12ae50c1fe1e851ed72b6b84fb96ec32e44dc116871957269c766856da5ab3635d179eb3b347a3a317831048_12801.jpg","size":529980,"hash":"M36uD9979Bgh8axiI0in0GML2kg=","fileName":"8fd82fd474b1df3efaa60020c8aa7f12ae50c1fe1e851ed72b6b84fb96ec32e44dc116871957269c766856da5ab3635d179eb3b347a3a317831048_12801.jpg","name":"8fd82fd474b1df3efaa60020c8aa7f12ae50c1fe1e851ed72b6b84fb96ec32e44dc116871957269c766856da5ab3635d179eb3b347a3a317831048_12801","width":1280,"height":853,"thumbnail":{"url":"np://user.desktop.nicepage.com/Site_2274202846/images/thumbnails/8fd82fd474b1df3efaa60020c8aa7f12ae50c1fe1e851ed72b6b84fb96ec32e44dc116871957269c766856da5ab3635d179eb3b347a3a317831048_12801.jpg","width":250,"height":167},"folderId":null,"usages":["849619191"]},{"id":"user-image-fb49bd8b41935c03150f4ebf7b72bed83cf4da4bb07e44572349414f8b2d00ef77cb2a0460f3cf3eeec49423d4c115b4597a5fd5db7e2ea77efc79_12801.jpg","publicUrl":"np://user.desktop.nicepage.com/Site_2274202846/images/fb49bd8b41935c03150f4ebf7b72bed83cf4da4bb07e44572349414f8b2d00ef77cb2a0460f3cf3eeec49423d4c115b4597a5fd5db7e2ea77efc79_12801.jpg","size":648120,"hash":"+hNJMpn14GXWmfo2Nx1yYYemwH4=","fileName":"fb49bd8b41935c03150f4ebf7b72bed83cf4da4bb07e44572349414f8b2d00ef77cb2a0460f3cf3eeec49423d4c115b4597a5fd5db7e2ea77efc79_12801.jpg","name":"fb49bd8b41935c03150f4ebf7b72bed83cf4da4bb07e44572349414f8b2d00ef77cb2a0460f3cf3eeec49423d4c115b4597a5fd5db7e2ea77efc79_12801","width":1280,"height":1021,"thumbnail":{"url":"np://user.desktop.nicepage.com/Site_2274202846/images/thumbnails/fb49bd8b41935c03150f4ebf7b72bed83cf4da4bb07e44572349414f8b2d00ef77cb2a0460f3cf3eeec49423d4c115b4597a5fd5db7e2ea77efc79_12801.jpg","width":250,"height":199},"folderId":null,"usages":["849619191"]},{"id":"user-image-5643b308b82b1c973022c9de70f182ac94146e5b502052da164adfbd07621e4c71f1b1bc42cf4661b923fbb93f3ae7a301bf67a4a79e38d9d86208_1280.jpg","publicUrl":"np://user.desktop.nicepage.com/Site_2274202846/images/5643b308b82b1c973022c9de70f182ac94146e5b502052da164adfbd07621e4c71f1b1bc42cf4661b923fbb93f3ae7a301bf67a4a79e38d9d86208_1280.jpg","size":596373,"hash":"JN4SMHufN6WnECAxtk7aXRy/8+c=","fileName":"5643b308b82b1c973022c9de70f182ac94146e5b502052da164adfbd07621e4c71f1b1bc42cf4661b923fbb93f3ae7a301bf67a4a79e38d9d86208_1280.jpg","name":"5643b308b82b1c973022c9de70f182ac94146e5b502052da164adfbd07621e4c71f1b1bc42cf4661b923fbb93f3ae7a301bf67a4a79e38d9d86208_1280","width":1280,"height":771,"thumbnail":{"url":"np://user.desktop.nicepage.com/Site_2274202846/images/thumbnails/5643b308b82b1c973022c9de70f182ac94146e5b502052da164adfbd07621e4c71f1b1bc42cf4661b923fbb93f3ae7a301bf67a4a79e38d9d86208_1280.jpg","width":250,"height":151},"folderId":null,"usages":["849619191"]},{"id":"user-image-4411363.png","publicUrl":"np://user.desktop.nicepage.com/Site_2274202846/images/4411363.png","size":3981,"hash":"1OY7Dw9VHl4kCH7h73LEt0wQ0MI=","fileName":"4411363.png","name":"4411363","width":128,"height":128,"thumbnail":{"url":"np://user.desktop.nicepage.com/Site_2274202846/images/thumbnails/4411363.png","width":128,"height":128,"length":3981,"type":"png"},"folderId":null,"usages":["19817155"]},{"id":"user-image-1151429.png","publicUrl":"np://user.desktop.nicepage.com/Site_2274202846/images/1151429.png","size":4825,"hash":"EpXW2QwdxPVjbDXriNpJXtQqt6k=","fileName":"1151429.png","name":"1151429","width":128,"height":128,"thumbnail":{"url":"np://user.desktop.nicepage.com/Site_2274202846/images/thumbnails/1151429.png","width":128,"height":128,"length":4825,"type":"png"},"folderId":null,"usages":["19817155","259366560"]},{"id":"user-image-149183.png","publicUrl":"np://user.desktop.nicepage.com/Site_2274202846/images/149183.png","size":934,"hash":"ThcLR1TIcwModvjMl8JMcIKFztU=","fileName":"149183.png","name":"149183","width":128,"height":128,"thumbnail":{"url":"np://user.desktop.nicepage.com/Site_2274202846/images/thumbnails/149183.png","width":128,"height":128,"length":934,"type":"png"},"folderId":null,"usages":["19817155","259366560"]},{"id":"user-image-646094.png","publicUrl":"np://user.desktop.nicepage.com/Site_2274202846/images/646094.png","size":2920,"hash":"D4R2eI+UniH8DFN5GIjVyvdbvvY=","fileName":"646094.png","name":"646094","width":128,"height":128,"thumbnail":{"url":"np://user.desktop.nicepage.com/Site_2274202846/images/thumbnails/646094.png","width":128,"height":128,"length":2920,"type":"png"},"folderId":null,"usages":["19817155","259366560"]},{"id":"user-image-IMG_0979.jpg","publicUrl":"np://user.desktop.nicepage.com/Site_2274202846/images/IMG_0979.jpg","size":358798,"hash":"b3M6UIsvt7/ikwE67reI5fd73DI=","fileName":"IMG_0979.jpg","name":"IMG_0979","width":1047,"height":1316,"thumbnail":{"url":"np://user.desktop.nicepage.com/Site_2274202846/images/thumbnails/IMG_0979.jpg","width":199,"height":250},"folderId":null,"usages":["19817155"]},{"id":"user-image-druk.jpg","publicUrl":"np://user.desktop.nicepage.com/Site_2274202846/images/druk.jpg","size":1127738,"hash":"YycKwgMfokgJun50sftcoXZMT3g=","fileName":"druk.jpg","name":"druk","width":3955,"height":5273,"thumbnail":{"url":"np://user.desktop.nicepage.com/Site_2274202846/images/thumbnails/druk.jpg","width":188,"height":250},"folderId":null,"usages":["19817155","849619191"]},{"id":"user-image-IMG_1330.jpg","publicUrl":"np://user.desktop.nicepage.com/Site_2274202846/images/IMG_1330.jpg","size":3329466,"hash":"63jA6HMLwYDDApMTzY5/oZUUJ+w=","fileName":"IMG_1330.jpg","name":"IMG_1330","width":5712,"height":4284,"thumbnail":{"url":"np://user.desktop.nicepage.com/Site_2274202846/images/thumbnails/IMG_1330.jpg","width":250,"height":188},"folderId":null,"usages":["247488008"]},{"id":"user-image-IMG_1307.jpg","publicUrl":"np://user.desktop.nicepage.com/Site_2274202846/images/IMG_1307.jpg","size":3574865,"hash":"UeRlFY7rVpAbT0rd2rOY3LarWg0=","fileName":"IMG_1307.jpg","name":"IMG_1307","width":5712,"height":4284,"thumbnail":{"url":"np://user.desktop.nicepage.com/Site_2274202846/images/thumbnails/IMG_1307.jpg","width":250,"height":188},"folderId":null,"usages":["19817155","849619191"]},{"id":"user-image-logonapis.png","publicUrl":"np://user.desktop.nicepage.com/Site_2274202846/images/logonapis.png","size":58006,"hash":"TejF07d3F2DIQVnpdMvyrZTQV8Y=","fileName":"logonapis.png","name":"logonapis","width":992,"height":200,"thumbnail":{"url":"np://user.desktop.nicepage.com/Site_2274202846/images/thumbnails/logonapis.png","width":250,"height":50},"folderId":null,"usages":["19817155"]},{"id":"user-image-Logo_nobg.PNG","publicUrl":"np://user.desktop.nicepage.com/Site_2274202846/images/Logo_nobg.PNG","size":484075,"hash":"LHsuvvn33LRLte8rurBICltpftk=","fileName":"Logo_nobg.PNG","name":"Logo_nobg","width":1920,"height":1920,"thumbnail":{"url":"np://user.desktop.nicepage.com/Site_2274202846/images/thumbnails/Logo_nobg.PNG","width":250,"height":250},"folderId":null,"usages":["19817155","259366560","62297595"]},{"id":"user-image-tylkologonobg1.png","publicUrl":"np://user.desktop.nicepage.com/Site_2274202846/images/tylkologonobg1.png","size":274991,"hash":"PMzQtbEN1cBU1Y5Uxb5cWftDCcw=","fileName":"tylkologonobg1.png","name":"tylkologonobg1","width":728,"height":1040,"thumbnail":{"url":"np://user.desktop.nicepage.com/Site_2274202846/images/thumbnails/tylkologonobg1.png","width":175,"height":250},"folderId":null,"usages":["19817155"]},{"id":"user-image-FDS-min.jpg","publicUrl":"np://user.desktop.nicepage.com/Site_2274202846/images/FDS-min.jpg","size":112043,"hash":"8VCr8N/yZqL0nWOdJUsJZJJ6ljc=","fileName":"FDS-min.jpg","name":"FDS-min","width":1980,"height":1200,"thumbnail":{"url":"np://user.desktop.nicepage.com/Site_2274202846/images/thumbnails/FDS-min.jpg","width":250,"height":152},"folderId":null,"originalUrl":"//images01.nicepagecdn.com/c461c07a441a5d220e8feb1a/ff187b64d5965cdd81ab7e64/FDS-min.jpg","usages":["19817155","849619191","259366560","62297595","247488008"]},{"id":"user-image-colourful-night-sky-with-stars-nebula4.jpg","publicUrl":"np://user.desktop.nicepage.com/Site_2274202846/images/colourful-night-sky-with-stars-nebula4.jpg","size":1043204,"hash":"fNDZrStcLdWRTqxW+SrXfA5Ic2U=","fileName":"colourful-night-sky-with-stars-nebula4.jpg","name":"colourful-night-sky-with-stars-nebula4","width":1980,"height":1047,"thumbnail":{"url":"np://user.desktop.nicepage.com/Site_2274202846/images/thumbnails/colourful-night-sky-with-stars-nebula4.jpg","width":250,"height":132},"folderId":null,"originalUrl":"https://assets.nicepagecdn.com/d2cc3eaa/300651/images/colourful-night-sky-with-stars-nebula4.jpg","usages":["19817155"]}]