[{"id":292988367,"title":"Blog Template","order":1,"templateKey":"blog","customTemplate":false,"customTemplateFilename":null,"pageLinks":[],"dateCreated":"2025-10-22T16:12:10.552Z","dateUpdated":"2025-10-22T16:12:13.530Z","folderId":null,"pageName":"Blog Template","serverPageId":null,"sectionCount":1,"status":2,"backwardUrl":null},{"id":608628021,"title":"Post Template","order":2,"templateKey":"post","customTemplate":false,"customTemplateFilename":null,"pageLinks":[],"dateCreated":"2025-10-22T16:12:10.879Z","dateUpdated":"2025-10-22T16:12:13.530Z","folderId":null,"pageName":"Post Template","serverPageId":null,"sectionCount":1,"status":2,"backwardUrl":null},{"id":14042182,"title":"Product List Template","order":3,"templateKey":"products","customTemplate":false,"customTemplateFilename":null,"pageLinks":[],"dateCreated":"2025-10-22T16:12:11.100Z","dateUpdated":"2025-10-22T16:12:13.530Z","folderId":null,"pageName":"Product List Template","serverPageId":null,"sectionCount":1,"status":2,"backwardUrl":null},{"id":59531615,"title":"Product Details Template","order":4,"templateKey":"product","customTemplate":false,"customTemplateFilename":null,"pageLinks":[],"dateCreated":"2025-10-22T16:12:11.382Z","dateUpdated":"2025-10-22T16:12:13.531Z","folderId":null,"pageName":"Product Details Template","serverPageId":null,"sectionCount":1,"status":2,"backwardUrl":null},{"id":588618556,"title":"Shopping Cart Template","order":5,"templateKey":"cart","customTemplate":false,"customTemplateFilename":null,"pageLinks":[],"dateCreated":"2025-10-22T16:12:11.598Z","dateUpdated":"2025-10-22T16:12:13.531Z","folderId":null,"pageName":"Shopping Cart Template","serverPageId":null,"sectionCount":1,"status":2,"backwardUrl":null},{"id":25461538,"title":"Checkout Template","order":6,"templateKey":"checkout","customTemplate":false,"customTemplateFilename":null,"pageLinks":[],"dateCreated":"2025-10-22T16:12:11.936Z","dateUpdated":"2025-10-22T16:12:13.531Z","folderId":null,"pageName":"Checkout Template","serverPageId":null,"sectionCount":1,"status":2,"backwardUrl":null},{"id":300291168,"title":"Login Template","order":7,"templateKey":"login","customTemplate":false,"customTemplateFilename":null,"pageLinks":[],"dateCreated":"2025-10-22T16:12:12.423Z","dateUpdated":"2025-10-22T16:12:13.531Z","folderId":null,"pageName":"Login Template","serverPageId":null,"sectionCount":1,"status":2,"backwardUrl":null},{"id":2809606350,"title":"Search Page Template","order":8,"templateKey":"Search","customTemplate":false,"customTemplateFilename":null,"pageLinks":[],"dateCreated":"2025-10-22T16:12:12.557Z","dateUpdated":"2025-10-22T16:12:13.531Z","folderId":null,"pageName":"Search Page Template","serverPageId":null,"sectionCount":1,"status":2,"backwardUrl":null},{"id":699517582,"title":"Page Password Template","order":9,"templateKey":"password","customTemplate":false,"customTemplateFilename":null,"pageLinks":[],"dateCreated":"2025-10-22T16:12:12.709Z","dateUpdated":"2025-10-22T16:12:13.531Z","folderId":null,"pageName":"Page Password Template","serverPageId":null,"sectionCount":1,"status":2,"backwardUrl":null},{"id":949501526,"title":"404 Not Found Template","order":10,"templateKey":"404","customTemplate":false,"customTemplateFilename":null,"pageLinks":[],"dateCreated":"2025-10-22T16:12:12.839Z","dateUpdated":"2025-10-22T16:12:13.531Z","folderId":null,"pageName":"404 Not Found Template","serverPageId":null,"sectionCount":1,"status":2,"backwardUrl":null},{"id":572818375,"title":"Thank You Page Template","order":11,"templateKey":"ThankYou","customTemplate":false,"customTemplateFilename":null,"pageLinks":[],"dateCreated":"2025-10-22T16:12:12.948Z","dateUpdated":"2025-10-22T16:12:13.532Z","folderId":null,"pageName":"Thank You Page Template","serverPageId":null,"sectionCount":1,"status":2,"backwardUrl":null},{"id":19817155,"title":"druk-scienny","order":12,"templateKey":null,"customTemplate":false,"customTemplateFilename":null,"pageLinks":["19817155","259366560","849619191","247488008","62297595"],"dateCreated":"2025-10-22T17:25:07.671Z","dateUpdated":"2025-10-27T07:06:47.974Z","folderId":null,"pageName":"druk-scienny_19817155","serverPageId":null,"sectionCount":5,"status":2,"backwardUrl":null},{"id":849619191,"title":"poznaj-druk-scienny","order":15,"templateKey":null,"customTemplate":false,"customTemplateFilename":null,"pageLinks":["19817155","259366560"],"dateCreated":"2025-10-22T17:25:19.433Z","dateUpdated":"2025-10-27T07:07:50.367Z","folderId":null,"pageName":"poznaj-druk-scienny_849619191","serverPageId":null,"sectionCount":4,"status":2,"backwardUrl":null},{"id":247488008,"title":"druk-scienny-realizacje","order":16,"templateKey":null,"customTemplate":false,"customTemplateFilename":null,"pageLinks":["19817155"],"dateCreated":"2025-10-22T17:25:24.017Z","dateUpdated":"2025-10-27T07:07:04.800Z","folderId":null,"pageName":"druk-scienny-realizacje_247488008","serverPageId":null,"sectionCount":1,"status":2,"backwardUrl":null},{"id":259366560,"title":"kontakt","order":17,"templateKey":null,"customTemplate":false,"customTemplateFilename":null,"pageLinks":["19817155","62297595"],"dateCreated":"2025-10-22T17:25:25.344Z","dateUpdated":"2025-10-27T07:07:26.453Z","folderId":null,"pageName":"kontakt_259366560","serverPageId":null,"sectionCount":1,"status":2,"backwardUrl":null},{"id":62297595,"title":"polityka-prywatnosci","order":19,"templateKey":null,"customTemplate":false,"customTemplateFilename":null,"pageLinks":["19817155"],"dateCreated":"2025-10-22T17:25:28.434Z","dateUpdated":"2025-10-27T07:09:30.993Z","folderId":null,"pageName":"polityka-prywatnosci_62297595","serverPageId":null,"sectionCount":1,"status":2,"backwardUrl":null}]