{"products":[{"id":"1","name":"produkt","title":"Produkt","description":"","fullDescription":"","price":"10","oldPrice":"","quantity":1,"currency":"USD","sku":"","outOfStock":true,"isFeatured":false,"categories":[],"variations":[],"variationValues":{},"images":[],"created":1761654986350,"updated":1761655379203,"isDefault":false,"translations":{"pl":{"name":"produkt","title":"Produkt","description":"","fullDescription":""}}}],"categories":[{"id":"1","title":"Odzież","categoryId":null,"created":1761149534653,"updated":1761149534653,"translations":{"en":{"title":"Odzież"}}},{"id":"2","title":"Buty","categoryId":null,"created":1761149534653,"updated":1761149534653,"translations":{"en":{"title":"Buty"}}},{"id":"3","title":"Akcesoria","categoryId":null,"created":1761149534653,"updated":1761149534653,"translations":{"en":{"title":"Akcesoria"}}}],"variations":[{"id":"1","title":"Color","items":[{"title":"Red","value":"#ff0000"},{"title":"Green","value":"#00ff00"},{"title":"Blue","value":"#0000ff"}],"created":1761149534653,"updated":1761149534653,"translations":{"en":{"title":"Color"}}},{"id":"2","title":"Size","items":[{"title":"Small","value":"S"},{"title":"Medium","value":"M"},{"title":"Large","value":"L"}],"created":1761149534653,"updated":1761149534653,"translations":{"en":{"title":"Size"}}}]}